"","participant","group","label","det","phase_space","lag"
"1","101","Blocked","det_1back_target",0.998349869100372,"target","1back"
"2","101","Blocked","det_2back_target",0.996053418811975,"target","2back"
"3","101","Blocked","det_3back_target",0.976966799541286,"target","3back"
"4","101","Blocked","det_4back_target",0.931577769622963,"target","4back"
"5","101","Blocked","det_1back_trial",0.99728047708215,"trial","1back"
"6","101","Blocked","det_2back_trial",0.994634121874179,"trial","2back"
"7","101","Blocked","det_3back_trial",0.987637872696925,"trial","3back"
"8","101","Blocked","det_4back_trial",0.974923052439185,"trial","4back"
"9","102","Random","det_1back_target",0.774031367295138,"target","1back"
"10","102","Random","det_2back_target",0.591740662673588,"target","2back"
"11","102","Random","det_3back_target",0.430784048098257,"target","3back"
"12","102","Random","det_4back_target",0.272624583109,"target","4back"
"13","102","Random","det_1back_trial",0.999483762846787,"trial","1back"
"14","102","Random","det_2back_trial",0.99603035014529,"trial","2back"
"15","102","Random","det_3back_trial",0.967766514453819,"trial","3back"
"16","102","Random","det_4back_trial",0.935827911076489,"trial","4back"
"17","103","Blocked","det_1back_target",0.902807156350728,"target","1back"
"18","103","Blocked","det_2back_target",0.82815941953622,"target","2back"
"19","103","Blocked","det_3back_target",0.737837473567399,"target","3back"
"20","103","Blocked","det_4back_target",0.654632794878578,"target","4back"
"21","103","Blocked","det_1back_trial",0.910100213689421,"trial","1back"
"22","103","Blocked","det_2back_trial",0.846515363341261,"trial","2back"
"23","103","Blocked","det_3back_trial",0.76382911664401,"trial","3back"
"24","103","Blocked","det_4back_trial",0.692148078874663,"trial","4back"
"25","104","Random","det_1back_target",0.99549242668154,"target","1back"
"26","104","Random","det_2back_target",0.978078538700618,"target","2back"
"27","104","Random","det_3back_target",0.955911671670564,"target","3back"
"28","104","Random","det_4back_target",0.92763505252986,"target","4back"
"29","104","Random","det_1back_trial",0.999325062484999,"trial","1back"
"30","104","Random","det_2back_trial",0.99076996878549,"trial","2back"
"31","104","Random","det_3back_trial",0.979481860401839,"trial","3back"
"32","104","Random","det_4back_trial",0.954086741137071,"trial","4back"
"33","105","Blocked","det_1back_target",0.994983512326528,"target","1back"
"34","105","Blocked","det_2back_target",0.975936578360352,"target","2back"
"35","105","Blocked","det_3back_target",0.958499981305507,"target","3back"
"36","105","Blocked","det_4back_target",0.943275441935813,"target","4back"
"37","105","Blocked","det_1back_trial",0.994595068606158,"trial","1back"
"38","105","Blocked","det_2back_trial",0.975712581070676,"trial","2back"
"39","105","Blocked","det_3back_trial",0.954921593823738,"trial","3back"
"40","105","Blocked","det_4back_trial",0.93425314143732,"trial","4back"
"41","106","Random","det_1back_target",0.936957811281006,"target","1back"
"42","106","Random","det_2back_target",0.894323156010343,"target","2back"
"43","106","Random","det_3back_target",0.854335022548864,"target","3back"
"44","106","Random","det_4back_target",0.816525738746066,"target","4back"
"45","106","Random","det_1back_trial",0.998135662508022,"trial","1back"
"46","106","Random","det_2back_trial",0.944207658465885,"trial","2back"
"47","106","Random","det_3back_trial",0.876939131833305,"trial","3back"
"48","106","Random","det_4back_trial",0.821357391898007,"trial","4back"
"49","107","Blocked","det_1back_target",0.981591492384295,"target","1back"
"50","107","Blocked","det_2back_target",0.984592416854242,"target","2back"
"51","107","Blocked","det_3back_target",0.973094628804346,"target","3back"
"52","107","Blocked","det_4back_target",0.961802313378154,"target","4back"
"53","107","Blocked","det_1back_trial",0.983116290008865,"trial","1back"
"54","107","Blocked","det_2back_trial",0.985480773636228,"trial","2back"
"55","107","Blocked","det_3back_trial",0.976774275918807,"trial","3back"
"56","107","Blocked","det_4back_trial",0.968427541357089,"trial","4back"
"57","108","Random","det_1back_target",0.935644480452112,"target","1back"
"58","108","Random","det_2back_target",0.868940569802298,"target","2back"
"59","108","Random","det_3back_target",0.814930432804302,"target","3back"
"60","108","Random","det_4back_target",0.747950385077262,"target","4back"
"61","108","Random","det_1back_trial",0.953059911691941,"trial","1back"
"62","108","Random","det_2back_trial",0.90625323484348,"trial","2back"
"63","108","Random","det_3back_trial",0.852015364612064,"trial","3back"
"64","108","Random","det_4back_trial",0.810090881511656,"trial","4back"
"65","109","Blocked","det_1back_target",0.989888576163225,"target","1back"
"66","109","Blocked","det_2back_target",0.981260943005873,"target","2back"
"67","109","Blocked","det_3back_target",0.966025613766044,"target","3back"
"68","109","Blocked","det_4back_target",0.945721232185993,"target","4back"
"69","109","Blocked","det_1back_trial",0.988185822925103,"trial","1back"
"70","109","Blocked","det_2back_trial",0.978396460181334,"trial","2back"
"71","109","Blocked","det_3back_trial",0.96311868553759,"trial","3back"
"72","109","Blocked","det_4back_trial",0.944052775009699,"trial","4back"
"73","110","Random","det_1back_target",0.982197867358505,"target","1back"
"74","110","Random","det_2back_target",0.966183067872779,"target","2back"
"75","110","Random","det_3back_target",0.941588568382171,"target","3back"
"76","110","Random","det_4back_target",0.916425276278735,"target","4back"
"77","110","Random","det_1back_trial",0.992946639701489,"trial","1back"
"78","110","Random","det_2back_trial",0.98403564140031,"trial","2back"
"79","110","Random","det_3back_trial",0.968499563229683,"trial","3back"
"80","110","Random","det_4back_trial",0.948837170134005,"trial","4back"
"81","111","Blocked","det_1back_target",0.993076646431549,"target","1back"
"82","111","Blocked","det_2back_target",0.939363223477799,"target","2back"
"83","111","Blocked","det_3back_target",0.887041347518569,"target","3back"
"84","111","Blocked","det_4back_target",0.838529866417014,"target","4back"
"85","111","Blocked","det_1back_trial",0.993196924107917,"trial","1back"
"86","111","Blocked","det_2back_trial",0.943503493833649,"trial","2back"
"87","111","Blocked","det_3back_trial",0.896074696834155,"trial","3back"
"88","111","Blocked","det_4back_trial",0.850704597787529,"trial","4back"
"89","112","Random","det_1back_target",0.988997075510234,"target","1back"
"90","112","Random","det_2back_target",0.970258007224572,"target","2back"
"91","112","Random","det_3back_target",0.933636169698163,"target","3back"
"92","112","Random","det_4back_target",0.890201984783097,"target","4back"
"93","112","Random","det_1back_trial",0.993661097527456,"trial","1back"
"94","112","Random","det_2back_trial",0.986294932474221,"trial","2back"
"95","112","Random","det_3back_trial",0.94691028848164,"trial","3back"
"96","112","Random","det_4back_trial",0.89698342964039,"trial","4back"
"97","113","Blocked","det_1back_target",0.999998874464714,"target","1back"
"98","113","Blocked","det_2back_target",0.99955194437105,"target","2back"
"99","113","Blocked","det_3back_target",0.98025781603773,"target","3back"
"100","113","Blocked","det_4back_target",0.951645567674202,"target","4back"
"101","113","Blocked","det_1back_trial",0.999988194456367,"trial","1back"
"102","113","Blocked","det_2back_trial",0.999151653150102,"trial","2back"
"103","113","Blocked","det_3back_trial",0.971679749544376,"trial","3back"
"104","113","Blocked","det_4back_trial",0.933144141820605,"trial","4back"
"105","114","Random","det_1back_target",0.996230486462556,"target","1back"
"106","114","Random","det_2back_target",0.982441466869152,"target","2back"
"107","114","Random","det_3back_target",0.963172155987904,"target","3back"
"108","114","Random","det_4back_target",0.944012011406059,"target","4back"
"109","114","Random","det_1back_trial",0.983734451916771,"trial","1back"
"110","114","Random","det_2back_trial",0.954520474857917,"trial","2back"
"111","114","Random","det_3back_trial",0.924723275914953,"trial","3back"
"112","114","Random","det_4back_trial",0.86977419235062,"trial","4back"
"113","115","Blocked","det_1back_target",0.994462241336729,"target","1back"
"114","115","Blocked","det_2back_target",0.955178675201309,"target","2back"
"115","115","Blocked","det_3back_target",0.903843649899591,"target","3back"
"116","115","Blocked","det_4back_target",0.844906458191217,"target","4back"
"117","115","Blocked","det_1back_trial",0.992833380202464,"trial","1back"
"118","115","Blocked","det_2back_trial",0.955550575293019,"trial","2back"
"119","115","Blocked","det_3back_trial",0.919742816504439,"trial","3back"
"120","115","Blocked","det_4back_trial",0.878651850257967,"trial","4back"
"121","116","Random","det_1back_target",0.905541495527532,"target","1back"
"122","116","Random","det_2back_target",0.818536749071734,"target","2back"
"123","116","Random","det_3back_target",0.69542480252679,"target","3back"
"124","116","Random","det_4back_target",0.583064854280216,"target","4back"
"125","116","Random","det_1back_trial",0.976524135438545,"trial","1back"
"126","116","Random","det_2back_trial",0.910359524920997,"trial","2back"
"127","116","Random","det_3back_trial",0.851908173796697,"trial","3back"
"128","116","Random","det_4back_trial",0.805428148445368,"trial","4back"
"129","117","Blocked","det_1back_target",0.975630148682289,"target","1back"
"130","117","Blocked","det_2back_target",0.964669652138811,"target","2back"
"131","117","Blocked","det_3back_target",0.940039579277706,"target","3back"
"132","117","Blocked","det_4back_target",0.918700130079882,"target","4back"
"133","117","Blocked","det_1back_trial",0.978854825595228,"trial","1back"
"134","117","Blocked","det_2back_trial",0.969826972925407,"trial","2back"
"135","117","Blocked","det_3back_trial",0.950877648718731,"trial","3back"
"136","117","Blocked","det_4back_trial",0.933024805718744,"trial","4back"
"137","118","Random","det_1back_target",0.970745793038223,"target","1back"
"138","118","Random","det_2back_target",0.927438251413237,"target","2back"
"139","118","Random","det_3back_target",0.869508368204196,"target","3back"
"140","118","Random","det_4back_target",0.788941978190831,"target","4back"
"141","118","Random","det_1back_trial",0.948543173824849,"trial","1back"
"142","118","Random","det_2back_trial",0.902780914497375,"trial","2back"
"143","118","Random","det_3back_trial",0.863136411033475,"trial","3back"
"144","118","Random","det_4back_trial",0.830520920988997,"trial","4back"
"145","119","Blocked","det_1back_target",0.973963399999664,"target","1back"
"146","119","Blocked","det_2back_target",0.943148269379778,"target","2back"
"147","119","Blocked","det_3back_target",0.876424375297117,"target","3back"
"148","119","Blocked","det_4back_target",0.815265458629507,"target","4back"
"149","119","Blocked","det_1back_trial",0.969648749855257,"trial","1back"
"150","119","Blocked","det_2back_trial",0.936500780548281,"trial","2back"
"151","119","Blocked","det_3back_trial",0.884140482922368,"trial","3back"
"152","119","Blocked","det_4back_trial",0.831817048413963,"trial","4back"
"153","120","Random","det_1back_target",0.98480865927006,"target","1back"
"154","120","Random","det_2back_target",0.963376557441943,"target","2back"
"155","120","Random","det_3back_target",0.940317836320526,"target","3back"
"156","120","Random","det_4back_target",0.916428688713051,"target","4back"
"157","120","Random","det_1back_trial",0.995143101049466,"trial","1back"
"158","120","Random","det_2back_trial",0.990332391310321,"trial","2back"
"159","120","Random","det_3back_trial",0.969511476661578,"trial","3back"
"160","120","Random","det_4back_trial",0.94754581066266,"trial","4back"
"161","121","Blocked","det_1back_target",0.890051748131349,"target","1back"
"162","121","Blocked","det_2back_target",0.763485397109857,"target","2back"
"163","121","Blocked","det_3back_target",0.663191681708501,"target","3back"
"164","121","Blocked","det_4back_target",0.564361508529103,"target","4back"
"165","121","Blocked","det_1back_trial",0.88774835765577,"trial","1back"
"166","121","Blocked","det_2back_trial",0.764444061517467,"trial","2back"
"167","121","Blocked","det_3back_trial",0.664025596947012,"trial","3back"
"168","121","Blocked","det_4back_trial",0.569816558252817,"trial","4back"
"169","122","Random","det_1back_target",0.936318037871347,"target","1back"
"170","122","Random","det_2back_target",0.872907590484393,"target","2back"
"171","122","Random","det_3back_target",0.793486998787286,"target","3back"
"172","122","Random","det_4back_target",0.718731376204337,"target","4back"
"173","122","Random","det_1back_trial",0.947459557940089,"trial","1back"
"174","122","Random","det_2back_trial",0.868984540980755,"trial","2back"
"175","122","Random","det_3back_trial",0.795698471117839,"trial","3back"
"176","122","Random","det_4back_trial",0.718060512470007,"trial","4back"
"177","123","Random","det_1back_target",0.990035850898526,"target","1back"
"178","123","Random","det_2back_target",0.958166838398242,"target","2back"
"179","123","Random","det_3back_target",0.909241074247629,"target","3back"
"180","123","Random","det_4back_target",0.854836051032527,"target","4back"
"181","123","Random","det_1back_trial",0.997852684087109,"trial","1back"
"182","123","Random","det_2back_trial",0.988014492212666,"trial","2back"
"183","123","Random","det_3back_trial",0.954658643988546,"trial","3back"
"184","123","Random","det_4back_trial",0.914876610496716,"trial","4back"
"185","124","Blocked","det_1back_target",0.99732913994533,"target","1back"
"186","124","Blocked","det_2back_target",0.993412138211256,"target","2back"
"187","124","Blocked","det_3back_target",0.947653916293261,"target","3back"
"188","124","Blocked","det_4back_target",0.901385967351607,"target","4back"
"189","124","Blocked","det_1back_trial",0.997887035264156,"trial","1back"
"190","124","Blocked","det_2back_trial",0.995005879864941,"trial","2back"
"191","124","Blocked","det_3back_trial",0.952042834644789,"trial","3back"
"192","124","Blocked","det_4back_trial",0.90652489478299,"trial","4back"
"193","125","Blocked","det_1back_target",0.984780552631546,"target","1back"
"194","125","Blocked","det_2back_target",0.972458229310705,"target","2back"
"195","125","Blocked","det_3back_target",0.899346971744485,"target","3back"
"196","125","Blocked","det_4back_target",0.824740215452433,"target","4back"
"197","125","Blocked","det_1back_trial",0.985184637118001,"trial","1back"
"198","125","Blocked","det_2back_trial",0.972174304791378,"trial","2back"
"199","125","Blocked","det_3back_trial",0.914428635952837,"trial","3back"
"200","125","Blocked","det_4back_trial",0.855256357300157,"trial","4back"
"201","126","Random","det_1back_target",0.84528344430695,"target","1back"
"202","126","Random","det_2back_target",0.690243217111893,"target","2back"
"203","126","Random","det_3back_target",0.556997519506619,"target","3back"
"204","126","Random","det_4back_target",0.456622132836287,"target","4back"
"205","126","Random","det_1back_trial",0.983650491533602,"trial","1back"
"206","126","Random","det_2back_trial",0.948425079085345,"trial","2back"
"207","126","Random","det_3back_trial",0.904787907982014,"trial","3back"
"208","126","Random","det_4back_trial",0.847271976494589,"trial","4back"
"209","127","Blocked","det_1back_target",0.994159588531328,"target","1back"
"210","127","Blocked","det_2back_target",0.934281472770479,"target","2back"
"211","127","Blocked","det_3back_target",0.88868796274063,"target","3back"
"212","127","Blocked","det_4back_target",0.844135347389286,"target","4back"
"213","127","Blocked","det_1back_trial",0.99516687902723,"trial","1back"
"214","127","Blocked","det_2back_trial",0.939006835210273,"trial","2back"
"215","127","Blocked","det_3back_trial",0.890936728111571,"trial","3back"
"216","127","Blocked","det_4back_trial",0.847288061270224,"trial","4back"
"217","128","Random","det_1back_target",0.98586450250246,"target","1back"
"218","128","Random","det_2back_target",0.96907510538594,"target","2back"
"219","128","Random","det_3back_target",0.915425822485067,"target","3back"
"220","128","Random","det_4back_target",0.868149811253581,"target","4back"
"221","128","Random","det_1back_trial",0.997862018233586,"trial","1back"
"222","128","Random","det_2back_trial",0.994913237440707,"trial","2back"
"223","128","Random","det_3back_trial",0.991553253240912,"trial","3back"
"224","128","Random","det_4back_trial",0.973687307831456,"trial","4back"
"225","129","Blocked","det_1back_target",0.988912723172256,"target","1back"
"226","129","Blocked","det_2back_target",0.976912945530084,"target","2back"
"227","129","Blocked","det_3back_target",0.965113159034499,"target","3back"
"228","129","Blocked","det_4back_target",0.950994944764784,"target","4back"
"229","129","Blocked","det_1back_trial",0.989093730122289,"trial","1back"
"230","129","Blocked","det_2back_trial",0.977637070675737,"trial","2back"
"231","129","Blocked","det_3back_trial",0.966851518732147,"trial","3back"
"232","129","Blocked","det_4back_trial",0.953600554152758,"trial","4back"
"233","130","Random","det_1back_target",0.935043007495536,"target","1back"
"234","130","Random","det_2back_target",0.834531853345512,"target","2back"
"235","130","Random","det_3back_target",0.73224209409732,"target","3back"
"236","130","Random","det_4back_target",0.617172034829884,"target","4back"
"237","130","Random","det_1back_trial",0.992419398146973,"trial","1back"
"238","130","Random","det_2back_trial",0.96942491382496,"trial","2back"
"239","130","Random","det_3back_trial",0.952686790910084,"trial","3back"
"240","130","Random","det_4back_trial",0.942214856527864,"trial","4back"
"241","131","Blocked","det_1back_target",0.985057047326934,"target","1back"
"242","131","Blocked","det_2back_target",0.956015193079609,"target","2back"
"243","131","Blocked","det_3back_target",0.920135207603979,"target","3back"
"244","131","Blocked","det_4back_target",0.883611193898581,"target","4back"
"245","131","Blocked","det_1back_trial",0.989135868000963,"trial","1back"
"246","131","Blocked","det_2back_trial",0.964701308497976,"trial","2back"
"247","131","Blocked","det_3back_trial",0.934175737305178,"trial","3back"
"248","131","Blocked","det_4back_trial",0.905867017557367,"trial","4back"
"249","132","Random","det_1back_target",0.91086663582977,"target","1back"
"250","132","Random","det_2back_target",0.812785441321534,"target","2back"
"251","132","Random","det_3back_target",0.715569315035681,"target","3back"
"252","132","Random","det_4back_target",0.625239100977358,"target","4back"
"253","132","Random","det_1back_trial",0.959219152170275,"trial","1back"
"254","132","Random","det_2back_trial",0.88516909023878,"trial","2back"
"255","132","Random","det_3back_trial",0.782810358515405,"trial","3back"
"256","132","Random","det_4back_trial",0.661418866829975,"trial","4back"
"257","133","Blocked","det_1back_target",0.999812089645261,"target","1back"
"258","133","Blocked","det_2back_target",0.999483806120565,"target","2back"
"259","133","Blocked","det_3back_target",0.989621155215129,"target","3back"
"260","133","Blocked","det_4back_target",0.975818022668538,"target","4back"
"261","133","Blocked","det_1back_trial",0.999794935444569,"trial","1back"
"262","133","Blocked","det_2back_trial",0.999563994767731,"trial","2back"
"263","133","Blocked","det_3back_trial",0.991783657678337,"trial","3back"
"264","133","Blocked","det_4back_trial",0.981215862659404,"trial","4back"
"265","134","Random","det_1back_target",0.967607578930166,"target","1back"
"266","134","Random","det_2back_target",0.92695435696548,"target","2back"
"267","134","Random","det_3back_target",0.886449354098988,"target","3back"
"268","134","Random","det_4back_target",0.842922999827082,"target","4back"
"269","134","Random","det_1back_trial",0.99980245894373,"trial","1back"
"270","134","Random","det_2back_trial",0.997739534246747,"trial","2back"
"271","134","Random","det_3back_trial",0.991637734386887,"trial","3back"
"272","134","Random","det_4back_trial",0.974954266105523,"trial","4back"
"273","135","Blocked","det_1back_target",0.999229569065438,"target","1back"
"274","135","Blocked","det_2back_target",0.991345597795478,"target","2back"
"275","135","Blocked","det_3back_target",0.969386963458929,"target","3back"
"276","135","Blocked","det_4back_target",0.946860666031553,"target","4back"
"277","135","Blocked","det_1back_trial",0.999859978970136,"trial","1back"
"278","135","Blocked","det_2back_trial",0.992260802422926,"trial","2back"
"279","135","Blocked","det_3back_trial",0.970296002876958,"trial","3back"
"280","135","Blocked","det_4back_trial",0.949349778934623,"trial","4back"
"281","136","Random","det_1back_target",0.985988475712169,"target","1back"
"282","136","Random","det_2back_target",0.899345717515365,"target","2back"
"283","136","Random","det_3back_target",0.827457319463203,"target","3back"
"284","136","Random","det_4back_target",0.76407377951992,"target","4back"
"285","136","Random","det_1back_trial",0.990251077421807,"trial","1back"
"286","136","Random","det_2back_trial",0.947291165756754,"trial","2back"
"287","136","Random","det_3back_trial",0.894740706916651,"trial","3back"
"288","136","Random","det_4back_trial",0.825874269337222,"trial","4back"
"289","137","Blocked","det_1back_target",0.990395520267007,"target","1back"
"290","137","Blocked","det_2back_target",0.979273355465115,"target","2back"
"291","137","Blocked","det_3back_target",0.934059027994255,"target","3back"
"292","137","Blocked","det_4back_target",0.888470527833497,"target","4back"
"293","137","Blocked","det_1back_trial",0.991530032145053,"trial","1back"
"294","137","Blocked","det_2back_trial",0.98444010458348,"trial","2back"
"295","137","Blocked","det_3back_trial",0.938905855302611,"trial","3back"
"296","137","Blocked","det_4back_trial",0.896471498583055,"trial","4back"
"297","138","Random","det_1back_target",0.99038516063873,"target","1back"
"298","138","Random","det_2back_target",0.974860894011324,"target","2back"
"299","138","Random","det_3back_target",0.93650826170161,"target","3back"
"300","138","Random","det_4back_target",0.895960356680505,"target","4back"
"301","138","Random","det_1back_trial",0.998397779405631,"trial","1back"
"302","138","Random","det_2back_trial",0.970377555852692,"trial","2back"
"303","138","Random","det_3back_trial",0.937930529568988,"trial","3back"
"304","138","Random","det_4back_trial",0.891003250781798,"trial","4back"
"305","139","Blocked","det_1back_target",0.962114582331427,"target","1back"
"306","139","Blocked","det_2back_target",0.921145452647591,"target","2back"
"307","139","Blocked","det_3back_target",0.88007667826706,"target","3back"
"308","139","Blocked","det_4back_target",0.835594628861526,"target","4back"
"309","139","Blocked","det_1back_trial",0.963384275050795,"trial","1back"
"310","139","Blocked","det_2back_trial",0.928587097401447,"trial","2back"
"311","139","Blocked","det_3back_trial",0.894003600159956,"trial","3back"
"312","139","Blocked","det_4back_trial",0.860033212575866,"trial","4back"
"313","140","Random","det_1back_target",0.960465153859809,"target","1back"
"314","140","Random","det_2back_target",0.927206415839062,"target","2back"
"315","140","Random","det_3back_target",0.906459372476399,"target","3back"
"316","140","Random","det_4back_target",0.858199887994761,"target","4back"
"317","140","Random","det_1back_trial",0.974014200157401,"trial","1back"
"318","140","Random","det_2back_trial",0.949825043902537,"trial","2back"
"319","140","Random","det_3back_trial",0.909891238561366,"trial","3back"
"320","140","Random","det_4back_trial",0.860165760754778,"trial","4back"
"321","141","Blocked","det_1back_target",0.994033487247276,"target","1back"
"322","141","Blocked","det_2back_target",0.989851286170618,"target","2back"
"323","141","Blocked","det_3back_target",0.982978969729936,"target","3back"
"324","141","Blocked","det_4back_target",0.95379934884012,"target","4back"
"325","141","Blocked","det_1back_trial",0.993991625768087,"trial","1back"
"326","141","Blocked","det_2back_trial",0.989272493715988,"trial","2back"
"327","141","Blocked","det_3back_trial",0.982191856240485,"trial","3back"
"328","141","Blocked","det_4back_trial",0.954646008775278,"trial","4back"
"329","142","Random","det_1back_target",0.976397566398217,"target","1back"
"330","142","Random","det_2back_target",0.943683538850677,"target","2back"
"331","142","Random","det_3back_target",0.90936274658864,"target","3back"
"332","142","Random","det_4back_target",0.871880118526534,"target","4back"
"333","142","Random","det_1back_trial",0.958311452102259,"trial","1back"
"334","142","Random","det_2back_trial",0.913141496281394,"trial","2back"
"335","142","Random","det_3back_trial",0.870755916377176,"trial","3back"
"336","142","Random","det_4back_trial",0.8055647332545,"trial","4back"
"337","201","Blocked","det_1back_target",0.999445917263218,"target","1back"
"338","201","Blocked","det_2back_target",0.993250828389746,"target","2back"
"339","201","Blocked","det_3back_target",0.984181286304714,"target","3back"
"340","201","Blocked","det_4back_target",0.977114837014587,"target","4back"
"341","201","Blocked","det_1back_trial",0.998461776875119,"trial","1back"
"342","201","Blocked","det_2back_trial",0.992108630535444,"trial","2back"
"343","201","Blocked","det_3back_trial",0.985383145632572,"trial","3back"
"344","201","Blocked","det_4back_trial",0.978769729785688,"trial","4back"
"345","202","Random","det_1back_target",0.98452953433748,"target","1back"
"346","202","Random","det_2back_target",0.955310978502188,"target","2back"
"347","202","Random","det_3back_target",0.92846827800909,"target","3back"
"348","202","Random","det_4back_target",0.907446412830777,"target","4back"
"349","202","Random","det_1back_trial",0.996412630996053,"trial","1back"
"350","202","Random","det_2back_trial",0.991946739140061,"trial","2back"
"351","202","Random","det_3back_trial",0.98663566569895,"trial","3back"
"352","202","Random","det_4back_trial",0.96079505531723,"trial","4back"
"353","203","Blocked","det_1back_target",0.96049114449174,"target","1back"
"354","203","Blocked","det_2back_target",0.93204039104708,"target","2back"
"355","203","Blocked","det_3back_target",0.907871623318474,"target","3back"
"356","203","Blocked","det_4back_target",0.88535726307263,"target","4back"
"357","203","Blocked","det_1back_trial",0.96240372385184,"trial","1back"
"358","203","Blocked","det_2back_trial",0.936125814329453,"trial","2back"
"359","203","Blocked","det_3back_trial",0.914519274358852,"trial","3back"
"360","203","Blocked","det_4back_trial",0.895569868715958,"trial","4back"
"361","204","Random","det_1back_target",0.992090729229891,"target","1back"
"362","204","Random","det_2back_target",0.979878461713652,"target","2back"
"363","204","Random","det_3back_target",0.963958317125348,"target","3back"
"364","204","Random","det_4back_target",0.948761540907884,"target","4back"
"365","204","Random","det_1back_trial",0.975277743575105,"trial","1back"
"366","204","Random","det_2back_trial",0.945976922773983,"trial","2back"
"367","204","Random","det_3back_trial",0.91512293676356,"trial","3back"
"368","204","Random","det_4back_trial",0.872397182207275,"trial","4back"
"369","205","Blocked","det_1back_target",0.994831789512368,"target","1back"
"370","205","Blocked","det_2back_target",0.971320743162965,"target","2back"
"371","205","Blocked","det_3back_target",0.943774879754242,"target","3back"
"372","205","Blocked","det_4back_target",0.916748445926214,"target","4back"
"373","205","Blocked","det_1back_trial",0.99753801893885,"trial","1back"
"374","205","Blocked","det_2back_trial",0.97682361370601,"trial","2back"
"375","205","Blocked","det_3back_trial",0.950598091889383,"trial","3back"
"376","205","Blocked","det_4back_trial",0.921996328740437,"trial","4back"
"377","206","Random","det_1back_target",0.993705129399614,"target","1back"
"378","206","Random","det_2back_target",0.982536918039529,"target","2back"
"379","206","Random","det_3back_target",0.967845114200789,"target","3back"
"380","206","Random","det_4back_target",0.953991771396701,"target","4back"
"381","206","Random","det_1back_trial",0.998690396810093,"trial","1back"
"382","206","Random","det_2back_trial",0.994194339003883,"trial","2back"
"383","206","Random","det_3back_trial",0.983934324139924,"trial","3back"
"384","206","Random","det_4back_trial",0.94685947287132,"trial","4back"
"385","207","Blocked","det_1back_target",0.995031695695678,"target","1back"
"386","207","Blocked","det_2back_target",0.985851897777579,"target","2back"
"387","207","Blocked","det_3back_target",0.973036271229979,"target","3back"
"388","207","Blocked","det_4back_target",0.959289391541934,"target","4back"
"389","207","Blocked","det_1back_trial",0.993971220712552,"trial","1back"
"390","207","Blocked","det_2back_trial",0.983556909617124,"trial","2back"
"391","207","Blocked","det_3back_trial",0.96975521711343,"trial","3back"
"392","207","Blocked","det_4back_trial",0.954299276710642,"trial","4back"
"393","208","Random","det_1back_target",0.984911230996054,"target","1back"
"394","208","Random","det_2back_target",0.961441777581693,"target","2back"
"395","208","Random","det_3back_target",0.943375217942497,"target","3back"
"396","208","Random","det_4back_target",0.92643760546171,"target","4back"
"397","208","Random","det_1back_trial",0.952131576110815,"trial","1back"
"398","208","Random","det_2back_trial",0.916232597262802,"trial","2back"
"399","208","Random","det_3back_trial",0.885493155828783,"trial","3back"
"400","208","Random","det_4back_trial",0.857448008883594,"trial","4back"
"401","209","Blocked","det_1back_target",0.997020270418438,"target","1back"
"402","209","Blocked","det_2back_target",0.957760414757516,"target","2back"
"403","209","Blocked","det_3back_target",0.918883583302234,"target","3back"
"404","209","Blocked","det_4back_target",0.884432437672291,"target","4back"
"405","209","Blocked","det_1back_trial",0.997347631402352,"trial","1back"
"406","209","Blocked","det_2back_trial",0.95620427482147,"trial","2back"
"407","209","Blocked","det_3back_trial",0.917653304394661,"trial","3back"
"408","209","Blocked","det_4back_trial",0.884460556291924,"trial","4back"
"409","210","Random","det_1back_target",0.974853382136205,"target","1back"
"410","210","Random","det_2back_target",0.925050115794735,"target","2back"
"411","210","Random","det_3back_target",0.875695888967133,"target","3back"
"412","210","Random","det_4back_target",0.841371797466495,"target","4back"
"413","210","Random","det_1back_trial",0.993033778027711,"trial","1back"
"414","210","Random","det_2back_trial",0.934257748643919,"trial","2back"
"415","210","Random","det_3back_trial",0.866102201096934,"trial","3back"
"416","210","Random","det_4back_trial",0.805676670359123,"trial","4back"
"417","211","Blocked","det_1back_target",0.994736786262766,"target","1back"
"418","211","Blocked","det_2back_target",0.98549629451044,"target","2back"
"419","211","Blocked","det_3back_target",0.979991090589394,"target","3back"
"420","211","Blocked","det_4back_target",0.971537161300835,"target","4back"
"421","211","Blocked","det_1back_trial",0.994372374909214,"trial","1back"
"422","211","Blocked","det_2back_trial",0.984715851400573,"trial","2back"
"423","211","Blocked","det_3back_trial",0.978905200992469,"trial","3back"
"424","211","Blocked","det_4back_trial",0.970495623158848,"trial","4back"
"425","212","Random","det_1back_target",0.989306707595393,"target","1back"
"426","212","Random","det_2back_target",0.980337288984159,"target","2back"
"427","212","Random","det_3back_target",0.950960311043693,"target","3back"
"428","212","Random","det_4back_target",0.923744153878667,"target","4back"
"429","212","Random","det_1back_trial",0.999822120450466,"trial","1back"
"430","212","Random","det_2back_trial",0.994466757986912,"trial","2back"
"431","212","Random","det_3back_trial",0.985084850317163,"trial","3back"
"432","212","Random","det_4back_trial",0.971964097468944,"trial","4back"
"433","213","Blocked","det_1back_target",0.992181385093426,"target","1back"
"434","213","Blocked","det_2back_target",0.964934551965661,"target","2back"
"435","213","Blocked","det_3back_target",0.940398018161397,"target","3back"
"436","213","Blocked","det_4back_target",0.906573575889934,"target","4back"
"437","213","Blocked","det_1back_trial",0.989425419786255,"trial","1back"
"438","213","Blocked","det_2back_trial",0.97424663027475,"trial","2back"
"439","213","Blocked","det_3back_trial",0.958815167323724,"trial","3back"
"440","213","Blocked","det_4back_trial",0.934920825197163,"trial","4back"
"441","214","Random","det_1back_target",0.982748764860263,"target","1back"
"442","214","Random","det_2back_target",0.980541351377948,"target","2back"
"443","214","Random","det_3back_target",0.979775506107053,"target","3back"
"444","214","Random","det_4back_target",0.945029966371966,"target","4back"
"445","214","Random","det_1back_trial",0.995958927655844,"trial","1back"
"446","214","Random","det_2back_trial",0.988969624277125,"trial","2back"
"447","214","Random","det_3back_trial",0.967192679314591,"trial","3back"
"448","214","Random","det_4back_trial",0.898059869393713,"trial","4back"
"449","215","Blocked","det_1back_target",0.984643909792949,"target","1back"
"450","215","Blocked","det_2back_target",0.982491735057326,"target","2back"
"451","215","Blocked","det_3back_target",0.961336728572275,"target","3back"
"452","215","Blocked","det_4back_target",0.933293033916558,"target","4back"
"453","215","Blocked","det_1back_trial",0.980560630841313,"trial","1back"
"454","215","Blocked","det_2back_trial",0.969846433968823,"trial","2back"
"455","215","Blocked","det_3back_trial",0.953050641302564,"trial","3back"
"456","215","Blocked","det_4back_trial",0.935849561277672,"trial","4back"
"457","216","Random","det_1back_target",0.995002479001415,"target","1back"
"458","216","Random","det_2back_target",0.990810675902326,"target","2back"
"459","216","Random","det_3back_target",0.980102281928306,"target","3back"
"460","216","Random","det_4back_target",0.967270375340952,"target","4back"
"461","216","Random","det_1back_trial",0.999560241701995,"trial","1back"
"462","216","Random","det_2back_trial",0.998866384235838,"trial","2back"
"463","216","Random","det_3back_trial",0.997097092764661,"trial","3back"
"464","216","Random","det_4back_trial",0.984225608285201,"trial","4back"
"465","217","Blocked","det_1back_target",0.985059409432573,"target","1back"
"466","217","Blocked","det_2back_target",0.937197179414124,"target","2back"
"467","217","Blocked","det_3back_target",0.880995813173438,"target","3back"
"468","217","Blocked","det_4back_target",0.822891571484076,"target","4back"
"469","217","Blocked","det_1back_trial",0.98688533459074,"trial","1back"
"470","217","Blocked","det_2back_trial",0.95016478980244,"trial","2back"
"471","217","Blocked","det_3back_trial",0.908918825572657,"trial","3back"
"472","217","Blocked","det_4back_trial",0.862855750294308,"trial","4back"
"473","218","Random","det_1back_target",0.999952423220877,"target","1back"
"474","218","Random","det_2back_target",0.999023842177342,"target","2back"
"475","218","Random","det_3back_target",0.996616942896029,"target","3back"
"476","218","Random","det_4back_target",0.965935139913605,"target","4back"
"477","218","Random","det_1back_trial",0.998601308059475,"trial","1back"
"478","218","Random","det_2back_trial",0.995140097132008,"trial","2back"
"479","218","Random","det_3back_trial",0.990660877354736,"trial","3back"
"480","218","Random","det_4back_trial",0.983751433931991,"trial","4back"
"481","219","Blocked","det_1back_target",0.976279044138973,"target","1back"
"482","219","Blocked","det_2back_target",0.949284415193069,"target","2back"
"483","219","Blocked","det_3back_target",0.906491832944795,"target","3back"
"484","219","Blocked","det_4back_target",0.854889930717168,"target","4back"
"485","219","Blocked","det_1back_trial",0.976065315505663,"trial","1back"
"486","219","Blocked","det_2back_trial",0.950303513138733,"trial","2back"
"487","219","Blocked","det_3back_trial",0.908100057028729,"trial","3back"
"488","219","Blocked","det_4back_trial",0.859787198767446,"trial","4back"
"489","220","Random","det_1back_target",0.987690530215561,"target","1back"
"490","220","Random","det_2back_target",0.975723251987656,"target","2back"
"491","220","Random","det_3back_target",0.963538916331552,"target","3back"
"492","220","Random","det_4back_target",0.949431665228427,"target","4back"
"493","220","Random","det_1back_trial",0.992423364821434,"trial","1back"
"494","220","Random","det_2back_trial",0.978775704425583,"trial","2back"
"495","220","Random","det_3back_trial",0.963772586870318,"trial","3back"
"496","220","Random","det_4back_trial",0.941269292702326,"trial","4back"
"497","221","Blocked","det_1back_target",0.976875142930986,"target","1back"
"498","221","Blocked","det_2back_target",0.941007947292835,"target","2back"
"499","221","Blocked","det_3back_target",0.903550582649085,"target","3back"
"500","221","Blocked","det_4back_target",0.851670349339008,"target","4back"
"501","221","Blocked","det_1back_trial",0.975115784586932,"trial","1back"
"502","221","Blocked","det_2back_trial",0.938373585025686,"trial","2back"
"503","221","Blocked","det_3back_trial",0.90023839293479,"trial","3back"
"504","221","Blocked","det_4back_trial",0.861292646487736,"trial","4back"
"505","222","Random","det_1back_target",0.998496360388504,"target","1back"
"506","222","Random","det_2back_target",0.996877687048749,"target","2back"
"507","222","Random","det_3back_target",0.991228233086297,"target","3back"
"508","222","Random","det_4back_target",0.983949725491666,"target","4back"
"509","222","Random","det_1back_trial",0.997068354776967,"trial","1back"
"510","222","Random","det_2back_trial",0.993758597231918,"trial","2back"
"511","222","Random","det_3back_trial",0.9735784077414,"trial","3back"
"512","222","Random","det_4back_trial",0.953058701897916,"trial","4back"
"513","223","Blocked","det_1back_target",0.999918127328374,"target","1back"
"514","223","Blocked","det_2back_target",0.995098082407207,"target","2back"
"515","223","Blocked","det_3back_target",0.987289854684003,"target","3back"
"516","223","Blocked","det_4back_target",0.943098687701168,"target","4back"
"517","223","Blocked","det_1back_trial",0.998943906285741,"trial","1back"
"518","223","Blocked","det_2back_trial",0.994680553955915,"trial","2back"
"519","223","Blocked","det_3back_trial",0.987782279235951,"trial","3back"
"520","223","Blocked","det_4back_trial",0.943076262900282,"trial","4back"
"521","224","Random","det_1back_target",0.989688057968133,"target","1back"
"522","224","Random","det_2back_target",0.968868476459458,"target","2back"
"523","224","Random","det_3back_target",0.91678627210705,"target","3back"
"524","224","Random","det_4back_target",0.86749439260162,"target","4back"
"525","224","Random","det_1back_trial",0.990727649839892,"trial","1back"
"526","224","Random","det_2back_trial",0.965355188197185,"trial","2back"
"527","224","Random","det_3back_trial",0.937212857666372,"trial","3back"
"528","224","Random","det_4back_trial",0.88438575608619,"trial","4back"
"529","225","Blocked","det_1back_target",0.965575361910282,"target","1back"
"530","225","Blocked","det_2back_target",0.924231303867612,"target","2back"
"531","225","Blocked","det_3back_target",0.877526235741082,"target","3back"
"532","225","Blocked","det_4back_target",0.828009325273779,"target","4back"
"533","225","Blocked","det_1back_trial",0.963195306755725,"trial","1back"
"534","225","Blocked","det_2back_trial",0.917049318664714,"trial","2back"
"535","225","Blocked","det_3back_trial",0.874851510602573,"trial","3back"
"536","225","Blocked","det_4back_trial",0.824047662247309,"trial","4back"
"537","226","Random","det_1back_target",0.951857564194901,"target","1back"
"538","226","Random","det_2back_target",0.871650047875505,"target","2back"
"539","226","Random","det_3back_target",0.792632784881267,"target","3back"
"540","226","Random","det_4back_target",0.711380028503612,"target","4back"
"541","226","Random","det_1back_trial",0.961075902836439,"trial","1back"
"542","226","Random","det_2back_trial",0.895752543310029,"trial","2back"
"543","226","Random","det_3back_trial",0.830070075457165,"trial","3back"
"544","226","Random","det_4back_trial",0.762414021723098,"trial","4back"
"545","227","Blocked","det_1back_target",0.998440632390553,"target","1back"
"546","227","Blocked","det_2back_target",0.998769486294228,"target","2back"
"547","227","Blocked","det_3back_target",0.984986575059911,"target","3back"
"548","227","Blocked","det_4back_target",0.963881982561672,"target","4back"
"549","227","Blocked","det_1back_trial",0.999509723261322,"trial","1back"
"550","227","Blocked","det_2back_trial",0.99925131091786,"trial","2back"
"551","227","Blocked","det_3back_trial",0.985633091957728,"trial","3back"
"552","227","Blocked","det_4back_trial",0.970000428838079,"trial","4back"
"553","228","Random","det_1back_target",0.991311049826347,"target","1back"
"554","228","Random","det_2back_target",0.969736625055978,"target","2back"
"555","228","Random","det_3back_target",0.941757400111898,"target","3back"
"556","228","Random","det_4back_target",0.903441595946879,"target","4back"
"557","228","Random","det_1back_trial",0.978808492568197,"trial","1back"
"558","228","Random","det_2back_trial",0.960412426900339,"trial","2back"
"559","228","Random","det_3back_trial",0.934917309072559,"trial","3back"
"560","228","Random","det_4back_trial",0.908855063066864,"trial","4back"
"561","229","Blocked","det_1back_target",0.949191578478092,"target","1back"
"562","229","Blocked","det_2back_target",0.881959052863574,"target","2back"
"563","229","Blocked","det_3back_target",0.81344326454523,"target","3back"
"564","229","Blocked","det_4back_target",0.730667081976298,"target","4back"
"565","229","Blocked","det_1back_trial",0.948500342936628,"trial","1back"
"566","229","Blocked","det_2back_trial",0.893254964476299,"trial","2back"
"567","229","Blocked","det_3back_trial",0.832864932280386,"trial","3back"
"568","229","Blocked","det_4back_trial",0.760789714324593,"trial","4back"
"569","230","Random","det_1back_target",0.933988800572251,"target","1back"
"570","230","Random","det_2back_target",0.844477569119046,"target","2back"
"571","230","Random","det_3back_target",0.744639869537212,"target","3back"
"572","230","Random","det_4back_target",0.668262470555625,"target","4back"
"573","230","Random","det_1back_trial",0.971964257473644,"trial","1back"
"574","230","Random","det_2back_trial",0.909759168063233,"trial","2back"
"575","230","Random","det_3back_trial",0.828573067736301,"trial","3back"
"576","230","Random","det_4back_trial",0.738885085275224,"trial","4back"
"577","231","Blocked","det_1back_target",0.99360540307329,"target","1back"
"578","231","Blocked","det_2back_target",0.992121299430325,"target","2back"
"579","231","Blocked","det_3back_target",0.990081146196643,"target","3back"
"580","231","Blocked","det_4back_target",0.980848470512831,"target","4back"
"581","231","Blocked","det_1back_trial",0.995615218768686,"trial","1back"
"582","231","Blocked","det_2back_trial",0.988208796107239,"trial","2back"
"583","231","Blocked","det_3back_trial",0.981450876197514,"trial","3back"
"584","231","Blocked","det_4back_trial",0.974735657121397,"trial","4back"
"585","232","Random","det_1back_target",0.965619535381621,"target","1back"
"586","232","Random","det_2back_target",0.912879278649576,"target","2back"
"587","232","Random","det_3back_target",0.862782398862537,"target","3back"
"588","232","Random","det_4back_target",0.80059665848541,"target","4back"
"589","232","Random","det_1back_trial",0.980454303366449,"trial","1back"
"590","232","Random","det_2back_trial",0.94878964922347,"trial","2back"
"591","232","Random","det_3back_trial",0.923522053527596,"trial","3back"
"592","232","Random","det_4back_trial",0.833064248495332,"trial","4back"
"593","233","Blocked","det_1back_target",0.988234151961399,"target","1back"
"594","233","Blocked","det_2back_target",0.975584066065549,"target","2back"
"595","233","Blocked","det_3back_target",0.969366754395465,"target","3back"
"596","233","Blocked","det_4back_target",0.954978116470288,"target","4back"
"597","233","Blocked","det_1back_trial",0.989387697254388,"trial","1back"
"598","233","Blocked","det_2back_trial",0.975863277485308,"trial","2back"
"599","233","Blocked","det_3back_trial",0.958933035551456,"trial","3back"
"600","233","Blocked","det_4back_trial",0.942124176048343,"trial","4back"
"601","234","Random","det_1back_target",0.985838030309031,"target","1back"
"602","234","Random","det_2back_target",0.971629008331205,"target","2back"
"603","234","Random","det_3back_target",0.963167036066403,"target","3back"
"604","234","Random","det_4back_target",0.951315631997239,"target","4back"
"605","234","Random","det_1back_trial",0.999988937359899,"trial","1back"
"606","234","Random","det_2back_trial",0.987240057135272,"trial","2back"
"607","234","Random","det_3back_trial",0.965338357036248,"trial","3back"
"608","234","Random","det_4back_trial",0.944877074191502,"trial","4back"
"609","235","Blocked","det_1back_target",0.953286467783463,"target","1back"
"610","235","Blocked","det_2back_target",0.877146583994601,"target","2back"
"611","235","Blocked","det_3back_target",0.792999430778679,"target","3back"
"612","235","Blocked","det_4back_target",0.663131868984621,"target","4back"
"613","235","Blocked","det_1back_trial",0.958069319444579,"trial","1back"
"614","235","Blocked","det_2back_trial",0.889768989882504,"trial","2back"
"615","235","Blocked","det_3back_trial",0.809679227560261,"trial","3back"
"616","235","Blocked","det_4back_trial",0.694980857063131,"trial","4back"
"617","236","Random","det_1back_target",0.953998749934957,"target","1back"
"618","236","Random","det_2back_target",0.927689633632843,"target","2back"
"619","236","Random","det_3back_target",0.859088945547955,"target","3back"
"620","236","Random","det_4back_target",0.768172935486899,"target","4back"
"621","236","Random","det_1back_trial",0.989078582655746,"trial","1back"
"622","236","Random","det_2back_trial",0.970859520670835,"trial","2back"
"623","236","Random","det_3back_trial",0.960139054095775,"trial","3back"
"624","236","Random","det_4back_trial",0.952347739567929,"trial","4back"
"625","237","Random","det_1back_target",0.807349729160231,"target","1back"
"626","237","Random","det_2back_target",0.626166719815903,"target","2back"
"627","237","Random","det_3back_target",0.467718534159364,"target","3back"
"628","237","Random","det_4back_target",0.336311066203131,"target","4back"
"629","237","Random","det_1back_trial",0.997302679012532,"trial","1back"
"630","237","Random","det_2back_trial",0.9786498525492,"trial","2back"
"631","237","Random","det_3back_trial",0.952617482052119,"trial","3back"
"632","237","Random","det_4back_trial",0.934728960110439,"trial","4back"
"633","238","Random","det_1back_target",0.992971254991639,"target","1back"
"634","238","Random","det_2back_target",0.985731475013592,"target","2back"
"635","238","Random","det_3back_target",0.954459810973148,"target","3back"
"636","238","Random","det_4back_target",0.911558130203898,"target","4back"
"637","238","Random","det_1back_trial",0.994664535385722,"trial","1back"
"638","238","Random","det_2back_trial",0.985579248381711,"trial","2back"
"639","238","Random","det_3back_trial",0.958474327503365,"trial","3back"
"640","238","Random","det_4back_trial",0.938232595920865,"trial","4back"
"641","239","Blocked","det_1back_target",0.989375769127824,"target","1back"
"642","239","Blocked","det_2back_target",0.989285511082022,"target","2back"
"643","239","Blocked","det_3back_target",0.975114072254843,"target","3back"
"644","239","Blocked","det_4back_target",0.962455883921509,"target","4back"
"645","239","Blocked","det_1back_trial",0.996415590890772,"trial","1back"
"646","239","Blocked","det_2back_trial",0.996191161921472,"trial","2back"
"647","239","Blocked","det_3back_trial",0.989090248008118,"trial","3back"
"648","239","Blocked","det_4back_trial",0.983801859657657,"trial","4back"
"649","240","Random","det_1back_target",0.999009174748554,"target","1back"
"650","240","Random","det_2back_target",0.997258101814395,"target","2back"
"651","240","Random","det_3back_target",0.98095393665842,"target","3back"
"652","240","Random","det_4back_target",0.950038518314475,"target","4back"
"653","240","Random","det_1back_trial",0.995995173228653,"trial","1back"
"654","240","Random","det_2back_trial",0.992447795867157,"trial","2back"
"655","240","Random","det_3back_trial",0.968958950103207,"trial","3back"
"656","240","Random","det_4back_trial",0.931088612433395,"trial","4back"
"657","241","Blocked","det_1back_target",0.995976598413954,"target","1back"
"658","241","Blocked","det_2back_target",0.968314927827653,"target","2back"
"659","241","Blocked","det_3back_target",0.95396364764518,"target","3back"
"660","241","Blocked","det_4back_target",0.925219629384612,"target","4back"
"661","241","Blocked","det_1back_trial",0.996097140916327,"trial","1back"
"662","241","Blocked","det_2back_trial",0.969736221256469,"trial","2back"
"663","241","Blocked","det_3back_trial",0.954435705211596,"trial","3back"
"664","241","Blocked","det_4back_trial",0.929845052899883,"trial","4back"
"665","242","Random","det_1back_target",0.995614929346396,"target","1back"
"666","242","Random","det_2back_target",0.982012902809699,"target","2back"
"667","242","Random","det_3back_target",0.961030206513633,"target","3back"
"668","242","Random","det_4back_target",0.912134034662152,"target","4back"
"669","242","Random","det_1back_trial",0.999960707235482,"trial","1back"
"670","242","Random","det_2back_trial",0.996970306451869,"trial","2back"
"671","242","Random","det_3back_trial",0.993809501972832,"trial","3back"
"672","242","Random","det_4back_trial",0.990979521079067,"trial","4back"
